Command,Parameters,Command.1,Parameters.1,Command.2,Parameters.2,Command.3,Parameters.3,Command.4,Parameters.4,Command.5,Parameters.5,Command.6,Parameters.6,Command.7,Parameters.7,Command.8,Parameters.8,Command.9,Parameters.9,Command.10,Parameters.10,Command.11,Parameters.11,Command.12,Parameters.12,Command.13,Parameters.13,Command.14,Parameters.14,Command.15,Parameters.15,Command.16,Parameters.16,Command.17,Parameters.17,Command.18,Parameters.18,Command.19,Parameters.19,Command.20,Parameters.20,Command.21,Parameters.21,Command.22,Parameters.22,Command.23,Parameters.23,Command.24,Parameters.24,Command.25,Parameters.25,Command.26,Parameters.26,Command.27,Parameters.27,Command.28,Parameters.28,Command.29,Parameters.29,Command.30,Parameters.30,Command.31,Parameters.31,Command.32,Parameters.32,Command.33,Parameters.33,Command.34,Parameters.34,Command.35,Parameters.35,Command.36,Parameters.36,Command.37,Parameters.37,Command.38,Parameters.38,Command.39,Parameters.39,Command.40,Parameters.40,Command.41,Parameters.41,Command.42,Parameters.42,Command.43,Parameters.43,Command.44,Parameters.44,Command.45,Parameters.45,Command.46,Parameters.46,Command.47,Parameters.47,Command.48,Parameters.48,Command.49,Parameters.49,Command.50,Parameters.50,Command.51,Parameters.51,Command.52,Parameters.52,Command.53,Parameters.53,Command.54,Parameters.54,Command.55,Parameters.55,Command.56,Parameters.56,Command.57,Parameters.57,Command.58,Parameters.58,Command.59,Parameters.59,Command.60,Parameters.60,Command.61,Parameters.61,Command.62,Parameters.62,Command.63,Parameters.63,Command.64,Parameters.64,Command.65,Parameters.65,Command.66,Parameters.66,Command.67,Parameters.67,Command.68,Parameters.68,Command.69,Parameters.69,Command.70,Parameters.70,Command.71,Parameters.71,Command.72,Parameters.72,Command.73,Parameters.73,Command.74,Parameters.74,Command.75,Parameters.75,Command.76,Parameters.76,Command.77,Parameters.77,Command.78,Parameters.78,Command.79,Parameters.79,Command.80,Parameters.80,Command.81,Parameters.81,Command.82,Parameters.82,Command.83,Parameters.83,Command.84,Parameters.84,Command.85,Parameters.85,Command.86,Parameters.86,Command.87,Parameters.87,Command.88,Parameters.88,Command.89,Parameters.89,Command.90,Parameters.90,Command.91,Parameters.91,Command.92,Parameters.92,Command.93,Parameters.93,Command.94,Parameters.94,Command.95,Parameters.95,Command.96,Parameters.96,Command.97,Parameters.97,Command.98,Parameters.98,Command.99,Parameters.99,Exit Code,Total Time
com_update_status,'',eps_set_heater,'975338715 9662931126613730378',gssb_arm_auto,'-1737040679',gssb_get_uuid,'',obc_set_pwm_freq,'-1969555068 ',init_dummy_sensor,'',gssb_update_status,'',obc_update_status,'',drp_get_vars,'',gssb_reset,'',gssb_unlock_config,'14927173461417056176',help,'',gssb_burn,'',obc_get_sensors,'',tm_set_ack,'}\i^0( 252021726449666660065177917772126524151',gssb_get_burn_config,'',gssb_get_temp,'',com_update_status,'',gssb_arm_manual,'-313074502882169591',tm_send_from,'-168590003824051298546957336147141023402 14507235972718282086 5875745834013388462',com_update_status,'',rw_set_speed,'1378763062 605485929',com_debug,'',gssb_fss_set_config,'\',eps_update_status,'',gssb_set_addr,'-196607988876458214018686661147696693605',init_dummy_sensor,'',obc_update_status,'',gssb_antenna_release,"', 16868237485993742045 r8mU -1975926452'",obc_get_tle,'',gssb_commit_addr,'',obc_get_time,'9821407106487487246',com_send_tc,'-4117994646133015017 6839858438016748067',gssb_antenna_release,'2015929233 -812037501 17620384904719006011 A/JlU',fp_show,'',obc_set_pwm_duty,'-220168146480540853484173329653925374368 -503937994',obc_ident,'',tm_parse_status,'',obc_set_pwm_duty,"'FS2%P{""=I 154838196'",set_state,'-277083671447407139484457938824034853252 -339379193 Pt\~-',obc_set_tle,'153003667 265488840269938967338941178480252860992',test,'',fp_test_params,'-667203645 113322815942043986040251548573174942038 10302149139675009123',obc_update_status,'',test,"'#kE""3qL,Gt'",obc_prop_tle,'4543358657857215282',help,'',drp_add_hrs_alive,'776007301',eps_get_hk,'',gssb_scan,'-146336810739448691951343034399404036411 10810930145311763814235363119310605898',drp_get_vars,'',gssb_get_status,'',gssb_arm_manual,'-1060014305',gssb_fss_get_temp,'',eps_hard_reset,'',com_ping,'4442559324549678666',fp_set_cmd_dt,'-4732990584810349782 631451116 209158999 -1119019303 -890885714',com_get_config,'?JVW`TDMlO',drp_ebf,'326967393300192210452926976450862925621',drp_set_deployed,'13569573864330190189',tm_parse_status,'',fp_set_cmd_unix,' -338873288486250280607777944843174981225 -443180612 -316089558685589931591595520029508217240 -335649084151570686396624246784789583879',com_update_status,'',tm_get_last,'2785433890294418029',tm_send_all,'s0/z8` 1hl5w=^&',drp_clear_gnd_wdt,'',obc_get_time,"'@a<bKs,+t'",com_send_tc,'-64780544806513875821100738017302325941 !M|kFvQ1'',set_state,'3875562803631886170 -190029640883263116408283183357191230221 ',tm_send_last,'-4863938296871727262 2113143770',init_dummy_sensor,'',obc_update_tle,'',gssb_burn,'',obc_get_sensors,'',gssb_select,'-370261080',obc_ident,'',gssb_msp_get_temp,'',eps_get_hk,'',obc_pwm_pwr,'-123198413586335788888784938510820804213',com_get_node,'',obc_update_tle,'',obc_pwm_pwr,'>`',gssb_commit_addr,'',gssb_reset,'',drp_ebf,'',gssb_reset,'',drp_clear_gnd_wdt,'',eps_update_status,'',obc_get_time,'ou/',gssb_update_status,'',gssb_get_temp_int,'',set_state,'-1456398391 }7t -1243502827533426819',tm_set_ack,'/ 9599095570281898728',drp_test_system_vars,'',gssb_scan,'g|Os|FB -183640481911730599',gssb_fss_get_temp,'',eps_get_config,'',help,'',gssb_arm_auto,'\K_L-W@yj',com_reset_wdt,'449554255',-6,9.578698873519896
drp_get_vars,'',fp_del_cmd_unix,'3237618588157850136',gssb_pwr,'9083290284411287660 %IFsk',obc_get_tle,'',fp_reset,'',fp_set_cmd_dt,'3779606301057362366 -149715687093329903161945649306774368262 353246555131003091 4434600505971460572 5115752030254898025',eps_set_heater,'12737033087120158032 sYz_pNjZ',gssb_pwr,'-264059152350312139942577089465433077390 10643177576964982166',eps_hard_reset,'',set_state,'*h8|XM9x 14019053662966995935 -612282091',gssb_fss_set_config,'5610888217245517700',obc_set_pwm_freq,'7280405241918267502 1212412960',gssb_msp_get_temp,'',drp_add_hrs_alive,'-37600929830573316826642531656175696578',gssb_get_version,'',obc_set_pwm_freq,'s -419204141',tm_set_ack,'-7115614376725582610 -6724820868635161926',fp_set_cmd,'91709173423071936459390510754354622264 -109761466770329210595172303286526194598 6605579678094090404 585236249603856310 lCYWFMWX_ 300852341417329219467682548688534144059 95342500125912035757993162976682602267 572924743 1&-k -187724836033972687102859791715171182722',gssb_update_status,'',tm_send_all,'6802319290902600782 /~wZ_Cr@r%',drp_set_deployed,'61747929',gssb_get_burn_config,'',set_state,'153565220057576486508374268189649700414 14012971096734992696 12525234610757101060',fp_del_cmd,'32983271 -200832502299788308706889327602215303132 -2025005612084463972 ]G7'kz9Q(3 -52332687909381265441093234827490542679 o2#s5v@',tm_get_last,'83956217869775492936542292523819396633',com_get_config,'n6<',gssb_scan,'8044795787332865016 6616561274264225944',gssb_get_model,'',drp_add_hrs_alive,'R!',com_ping,'81331738480819526029404210147244726873',com_send_data,'',gssb_update_status,'',test,"'U>""Ka77&'",drp_get_vars,'',fp_set_cmd,"'229403316514255209251782091330512273355 -9001910926957994245 5832543697724859114 >Mwu: ,(J 5648780797996497051 -419565881 -209563736 jhMO -277688700900966718774003632383612025998'",gssb_get_burn_config,'',com_update_status,'',eps_update_status,'',rw_get_speed,'',init_dummy_sensor,'',fp_show,'',com_send_rpt,'14628753269465530465 zMeD7S',com_set_node,'8494180533735232646',gssb_antenna_release,'-1375770111754959270 3019411779771981538 199540926385695460079764984655476707136 1509052324',gssb_get_status,'',obc_update_tle,'',gssb_msp_cal_temp,'125322010090006078679876647491586457552 -6499020576867210079',gssb_set_addr,'-207442040356324235848869686317184503811',gssb_set_addr,'-1860162625578420460',fp_test_params,'227475986749779205689700110231197532924 @RM seIQs>2;M',drp_get_vars,'',obc_get_tle,'',gssb_get_temp,'',obc_reset_wdt,'',fp_test_params,'|o 3248723985233200538 8701598251265771187',gssb_scan,'6223778993633118909 35059106301723986190494444688635585670',drp_add_hrs_alive,'247060490777868276036217302141882863879',gssb_reset,'',tm_send_all,'252882659 h}',com_send_data,'1867646531',help,'',gssb_fss_commit_config,'',rw_get_speed,'',gssb_fss_commit_config,'',eps_hard_reset,'',gssb_select,'350570526',gssb_get_burn_config,'',gssb_arm_auto,'6475747631941319770',gssb_antenna_release,'d_F#f>o6 88737736628728894231084501130186119635 -636453305 93919482610900939600916656828178837414',obc_ident,'',com_set_config,'5246234305527786606 7195374389013229440',fp_set_cmd_unix,'-254767305268025565031750192572381740997 14015578005939930130 3886338412486473677 1306874138 12906629971985377597',drp_test_system_vars,'',help,'',tm_send_from,'X -172342893562350240947868399173651658807 214003102300020011751563999447508120635',gssb_arm_manual,'5295950435959342410',tm_send_last,'610982265 SUFSV9B',gssb_get_temp_int,'',gssb_get_version,'',com_reset_wdt,'-962856090',tm_parse_status,'',fp_test_params,'-1690850326 7425898113373324449 2f+fH$P+R',drp_add_hrs_alive,'269096923',gssb_get_status,'',gssb_fss_get_sun,'',fp_del_cmd,'4569467175422811179 414135130 141097164985662428437195167064304828000 T17(?/SS 3104562249448629463 -1224753037',obc_debug,'-44334335',tm_get_last,'12861048602621760153',fp_test_params,'575732010 -7210034894952125891 G/m7',fp_test_params,' 3823086673209839645 1511397278140024942',fp_del_cmd,'1608672448  -284304247453263673 -480026991815837813 5k 2447606389894283311',com_send_rpt,''Bu* -101059273250198454570989990705044146006',gssb_msp_get_temp,'',gssb_burn,'',help,'',gssb_commit_addr,'',gssb_get_temp_int,'',gssb_get_uuid,'',obc_set_tle,'ZD?G~%jF}W 16043900029408085694',eps_get_config,'',-6,7.1452796459198
com_debug,'',fp_del_cmd,"'-89443974046002731250508091439292088964 e`L%""6y6 -1842309672 1802553476743152215 -195983385332301091382445995938184728167 3664416261989829964'",gssb_get_model,'',fp_del_cmd,'4472168971815967761 1270222745 3707912483557098302 119501855386023726313960944711976564693 1157902779 -89486001456148138075806391364860271446',gssb_get_version,'',eps_set_heater,'-8586192700076017009 2674416427458795055',eps_hard_reset,'',gssb_get_burn_config,'',tm_set_ack,'5167728438572200867 973547755',drp_set_deployed,'109813656880714248496373032199998630140',gssb_fss_commit_config,'',tm_send_last,'4%QlF3[v 8as',rw_get_speed,'',fp_del_cmd,'4666933814372608338  -197429165227630594647784064665652920608 17243216316115540859 NO 0=:-43',gssb_fss_set_config,'nR@GX%',gssb_get_version,'',gssb_set_addr,'5740158707037709009',gssb_get_temp_int,'',fp_reset,'',gssb_get_uuid,'',fp_test_params,"'7121436369281493319 -41991319222427326849552443770730597495 u{H&Y%w+,^'",gssb_msp_cal_temp,'XD 29077520',com_ping,'drYnLX5<G',com_send_data,'zM',init_dummy_sensor,'',fp_del_cmd_unix,'H4/#E69',gssb_get_temp_int,'',gssb_arm_auto,"'74,nN)%lM'",gssb_reset,'',tm_send_last,'6709844651187491805 k*a5iq',fp_set_cmd,'315753012628094976 -296840291545928599289331804406353915507 -5715356553685644085 -30365385712783845319635184802871638242 120022298107187240890565354002404335087 3417041444255673445 15849805237853563684 1614773584 4704510093023378081 -6757082689967354416',tm_set_ack,'-338144662865075387624961828049564455043 6665904710853181713',gssb_set_addr,'-279020029843925722943610990113193054005',fp_set_cmd_dt,'-27568499 11919515695850173477 14119304466711363363 Piea )1s',gssb_fss_commit_config,'',eps_set_heater,'qk\C -206871286048707337268765780150724215693',obc_set_pwm_freq,'-104981226153329300347084033360431558994 ]',com_send_tc,'-228731416 111767545439100370297989838430346572352',obc_get_sensors,'',obc_ident,'',drp_set_var,'5682814551101440875 5\1Om89u>',com_debug,'',gssb_commit_addr,'',obc_update_status,'',gssb_get_burn_config,'',com_set_config,'-1879651976 -1241421697',com_send_data,'1670389776',obc_debug,'zHr{TQ36',fp_del_cmd,'-106383404199053196381567121287856922786 $S0{`JjKo$ 15415179498385501289 2021568031 3286854161049413656 s*:Lr',drp_set_var,'s4CMpmv 10461857566931441510',gssb_update_status,'',com_update_status,'',tm_parse_status,'',eps_set_heater,'5=| Rt>kd*z',gssb_fss_set_config,'7421889021729438208',obc_get_sensors,'',eps_hard_reset,'',drp_clear_gnd_wdt,'',set_state,'5680270539434393204 -284943150 8aB./yb.Pb',gssb_update_status,'',gssb_reset,'',eps_update_status,'',com_send_cmd,'4099794302480827473 8183161243654460445',obc_set_tle,'826485471 5782898340773658767',eps_set_heater,'-7819327476038929279 63255035068462972364162706993115862603',tm_send_from,'-1467850934 -1900643992 I@>;)1Kj2',drp_clear_gnd_wdt,'',gssb_get_sun,'',gssb_set_burn_config,'873000744 102295129968993736368441973330203852558  17257816473820460904 9787460499701625367 11906383970969467780 255057929610479066294535332338566827899',test,'8344141117466420371',gssb_get_model,'',gssb_msp_cal_temp,'-2746265696271974304 -71793481739805372092525345992298152369',gssb_fss_set_config,'1820751004115213530',test,'260117567574929097636112573407434601033',rw_get_speed,'',com_set_node,'641859602762509844',com_send_data,')4<',gssb_unlock_config,'15224523243068978853',com_reset_wdt,'-249292879730999164824466699233201244069',gssb_scan,"'nc""!1$[ 49416615'",tm_send_last,'0Dhy6 5898312365938232155',obc_get_tle,'',rw_get_speed,'',obc_pwm_pwr,'-854983037',drp_test_system_vars,'',fp_test_params,'-6296096308473679828 10967899186984699486 14901456850259555537',obc_get_tle,'',obc_prop_tle,'-41198480926096769478763947791421310338',obc_prop_tle,'12065405736806394446',eps_get_config,'',gssb_set_burn_config,'hM'R<cZ 6410214476489359172 1580921489 9086939315419735306 3978171862783348478 8233547066101855657 1190197412',eps_get_hk,'',gssb_get_temp_int,'',gssb_msp_get_temp,'',tm_send_all,'rVf 7K0n`vXzuj',obc_get_sensors,'',obc_set_pwm_duty,'-46931156581850429489106333049474452807 4088349796746630786',test,';Ms+:thp',gssb_set_addr,'8958893962049983053',obc_reset_wdt,'',-11,6.437671899795532
tm_send_last,'4319737698872809192 19575576584778233360882200015068706542',fp_set_cmd,'-215263390727342241418422440704677740629 17311081319315663396 619431425 (6Z~5 5035378354348676635 165180638551647688844000057828652760412 5277189776627340077 -4506533660461041920 -1440075500 -275422540354733169158939055855253919680',gssb_reset,'',fp_del_cmd,'15787840114568004217 -783902409500995597 11987539175121294635 917796422 -38875420490582353969527753867663530630 -3610941185609852297',gssb_get_model,'',drp_add_hrs_alive,'-8822104088962067133',obc_set_tle,'3319757976566725931 1356517502',obc_update_tle,'',obc_set_pwm_freq,'6989057099455075240 3145486630622320193',gssb_msp_get_temp,'',eps_get_hk,'',gssb_fss_get_temp,'',com_send_tc,'59766684 }',eps_hard_reset,'',gssb_update_status,'',obc_get_mem,'',gssb_fss_get_sun,'',obc_set_tle,'-3776569201153704054 0/]7_En:',drp_clear_gnd_wdt,'',gssb_fss_get_sun,'',com_send_tc,'2802529844898540890 }+X\',gssb_fss_commit_config,'',tm_send_from,'-6587308671483295063 -6227579286823583793 -232207397336056463376609770992168252462',gssb_set_burn_config,'-772668697 6925428760471808223 -1437921126 -8211651737756699963 -206661885358183650 184652560474152656922803346313066142016 18228463007855401955',obc_pwm_pwr,'328942183631406640580234848371163586494',com_send_data,'381529357',gssb_commit_addr,'',com_ping,'1555868505',rw_set_speed,'-230197444110789203774664626805743536169 -46491955023664817800944322625016487559',com_send_rpt,'17433268918173012861 148565277114557280022116628218042997941',obc_pwm_pwr,'810371189',com_update_status,'',gssb_scan,'17066446863348779904 1221417686322462329',fp_del_cmd,' -900745008 8 15134572299907867345 -19474914025749708078176911299426073948 ?3-`qR^',gssb_fss_commit_config,'',obc_get_tle,'',obc_update_tle,'',gssb_fss_set_config,'H',eps_get_config,'',drp_set_var,'3791745034352523069 -1099478312',com_send_data,'3220791564502051439',gssb_unlock_config,'218990260284526273',gssb_msp_get_temp,'',obc_get_sensors,'',gssb_get_status,'',drp_add_hrs_alive,'AWqP'1jQ',gssb_reset,'',gssb_set_addr,'6206044691314012849',obc_ident,'',com_send_data,'-143436850260065266366441592953762279263',com_reset_wdt,'2951590772958900905',com_set_node,'!',obc_reset_wdt,'',gssb_fss_get_temp,'',gssb_get_model,'',drp_ebf,"'""'",gssb_fss_get_temp,'',gssb_antenna_release,'-720597907 66555642132687327 D -4528954067884300121',drp_set_var,'-198070328864207428535393730335540560321 -449727676',obc_ident,'',com_set_config,'5708415627215944235 ~)OY-~',obc_set_tle,'13170340099768071995 7476036184500105088',com_send_data,'58924159798164513792264064943563130331',gssb_fss_commit_config,'',gssb_antenna_release,'15870652816235240863 -4063500788208727001 10192434659246422095649816351637290776 300465012582075080768182942616848629754',com_set_node,'2496629695650731873',gssb_get_uuid,'',obc_reset_wdt,'',drp_set_deployed,'1054825281208201022',com_debug,'',obc_prop_tle,'YW-3J`',obc_update_tle,'',drp_set_var,'-627529175 -3901544010082791613',gssb_fss_commit_config,'',tm_parse_status,'',set_state,"'d,9B3A 76853599061319311925470552746742062023 &gZHOh:(a1'",obc_pwm_pwr,'-1646119564',obc_set_tle,"'YXdfL8\,|= -C[M'",gssb_unlock_config,'435003414',gssb_get_burn_config,'',com_set_config,'14870867871644783265 -301507576020869340125032598205232918234',eps_get_hk,'',gssb_get_burn_config,'',rw_get_speed,'',com_debug,'',eps_hard_reset,'',gssb_get_version,'',help,'',com_set_config,'4492861137034101302 -2275876552157109774',gssb_select,'5246889234312753404',obc_prop_tle,'11652030345267243087',drp_add_hrs_alive,'-8346377165781485172',gssb_reset,'',fp_reset,'',tm_send_from,'-5701085350544577383 ;9vI0 12987736052457576778',gssb_fss_get_temp,'',obc_get_sensors,'',com_get_config,'558877518',drp_set_deployed,'-1347046428',eps_set_heater,'XhdbFuLB~ -466223740',-11,6.638094425201416
obc_set_tle,'-8511877898079191 -143320386818117265625836677901985695898',fp_test_params,'-4139634998776226318 5600293537010790352 5924150888128102869',gssb_fss_set_config,'259391437771606572637085191965971937231',obc_debug,'1704310848',gssb_commit_addr,'',drp_ebf,'-190491401309722645132497448066673323424',com_set_node,'13564207753363756354',gssb_set_burn_config,'13959329413149080752 -184104142452532750699056610222392150124 -3153857546040562575 115248348 -124594599926127789006978039807526970967 9197889400303728989 -168189730998344231306834545601189694112',gssb_antenna_release,'G]WG.TO 251756865128076819587921221004695026889 228844426023230593235458422093022293627 ',com_get_config,'hNc{Sy',gssb_commit_addr,'',gssb_pwr,'FrH3>ky4JD 15660146718958540377',drp_get_vars,'',eps_set_heater,'QF*D%J..# ^j/vABxN',fp_del_cmd_unix,'12862948527241840922',gssb_fss_get_temp,'',gssb_arm_auto,'-440169168',obc_ident,'',eps_set_heater,'14219794510889583774 {Va$\a=',drp_test_system_vars,'',gssb_fss_get_temp,'',obc_update_status,'',gssb_commit_addr,'',obc_set_pwm_duty,'8042606277145665114 712905789657991384',obc_get_time,'5612876404085989688',fp_show,'',fp_set_cmd_dt,'46044798840615086632332666286523909526 -179349206 11068375923530040224 315574059 324658788238188190712834325263085012412',fp_reset,'',obc_debug,'1395108681',gssb_update_status,'',tm_set_ack,'1053876251 [TEjq#v',gssb_get_uuid,'',gssb_get_status,'',obc_update_tle,'',com_get_config,'-155987292569876505330402458891089787507',gssb_get_status,'',obc_set_pwm_duty,'OE$>X)iN 318023506310389332491550489191614341924',gssb_commit_addr,'',eps_get_hk,'',gssb_get_burn_config,'',gssb_burn,'',com_set_config,'J#OM8yU 71c1+&R]',fp_set_cmd_dt,'-11180869714509454 7576595196418893555 530976818 1073424849 -312212827470030383873229694449619459062',com_send_data,'229973750',gssb_get_temp_int,'',obc_get_tle,'',gssb_fss_get_temp,'',obc_pwm_pwr,'425754250745788063',gssb_get_uuid,'',fp_test_params,'1927957595461455806 -967243478 13617392665841939578',fp_reset,'',fp_show,'',obc_set_pwm_duty,'16302996017011702200 1058844388',fp_reset,'',obc_debug,'G_',eps_get_hk,'',gssb_select,'-2994433991492503348',com_send_rpt,' 326696747564990454153308868612066472556',com_debug,'',gssb_arm_manual,'-930855446',init_dummy_sensor,'',obc_set_pwm_freq,'k:a< 5065937740271773454',com_set_config,'-260505431708627513107981696737264419369 657287309998856612',gssb_arm_manual,'1350525087794940421',gssb_unlock_config,'3966725726421954079',eps_hard_reset,'',fp_set_cmd_unix,'UMH6E=fW 7511127123566831692 6655001305604870143 262533401692549118313467356299297510397 15743241759701073652',gssb_unlock_config,'2655722493747034714',drp_test_system_vars,'',help,'',obc_debug,'-122031810950790166339503151136350107766',gssb_set_burn_config,'-222842056430389821162057782789355976114 4679256504120806050 17726938738667798745  517123772 5924677094979193717 98798788937195575146137400884027278683',gssb_pwr,'6030718595843509764 23638233905543193867653278644536335196',com_send_tc,'-7WWP 8262863854601868323',com_debug,'',obc_get_mem,'',gssb_set_burn_config,'165286070302898092111745538068938760967 6S1N1b8 4438850943260840418 899831998 46054143422652218287199608163740968356 232159303576873174095514663059878005819 -148061804020219647942336559222633783251',com_ping,'1592593550',drp_test_system_vars,'',gssb_commit_addr,'',obc_get_sensors,'',gssb_msp_cal_temp,'2137574686 O<',gssb_select,'NxOB?wE&',com_send_data,'-1233505989',obc_get_mem,'',fp_del_cmd,'12435925449531125198 5285031830771196318 Kl2 H;{pbQ 8196850366986985927 -2925532316689422481',eps_hard_reset,'',gssb_antenna_release,'16739438339860215286 5674838578886804439 9307862291256728820 1507309014049194085',fp_set_cmd_dt,'110543516055369074367440740804754282605 7n'GMl nbBrwK 1059994089 |gOP)iocA',gssb_get_burn_config,'',obc_prop_tle,'-88212423062016309266718724016959399361',com_reset_wdt,'3298673345478932816',gssb_fss_get_temp,'',gssb_fss_set_config,'I3ghb;d',tm_send_status,'183902304715587371328148792103919094985',tm_send_last,'2025161488 ',gssb_get_temp_int,'',gssb_pwr,'-94989757338523818676960613806885886440 )~`hfw>2\]',fp_del_cmd_unix,'-1884945628',obc_get_sensors,'',-6,7.317079067230225
drp_set_deployed,'2542932086406166860',com_get_node,'',help,'',gssb_msp_cal_temp,'toxR& 5700018115927572502',fp_set_cmd,'-260732190618088384695683620046965574235 -47045638171870147 %A 238454070234266902233144890982758951626 -148669305952950614834055837053337241164 -417896713 -1745531319 -2533003778791706108365305963326960693 -6213041170339570791 22427153024045841800342752804386912842',gssb_set_addr,'2063871646701333059',obc_reset_wdt,'',gssb_update_status,'',drp_test_system_vars,'',fp_set_cmd_dt,'-223931468 x 16386703476747400732 -1458714577 4247340310294041591',obc_set_pwm_duty,'17754668942951548507 -191884106802681516015052378084286256173',gssb_get_temp_int,'',gssb_get_uuid,'',obc_set_tle,'-1277318501 -7641337470337463629',obc_set_pwm_freq,'13550604784648101372 7231532560465544466512236504690500714',gssb_scan,'-6067144534118563268 6927695357636088666',obc_set_pwm_freq,'315103864209976812582156380190358423049 -1950820847',gssb_get_status,'',obc_get_mem,'',gssb_get_status,'',fp_set_cmd,"'5265494858910234903 lvNKtT1N, 123216568362709393330299068441813676131  232184474 2782893898538067318 -264659505669308772479520545722977274387 -256697278433341136141051941155522473943 94279169868895351012757313729274571258 518530731'",obc_set_pwm_freq,'~pPTGR 324504870356012714179942619013676573021',tm_parse_status,'',gssb_arm_manual,'-5165657913935974140',drp_set_deployed,'6iufqfi}8H',gssb_get_uuid,'',com_ping,'MkC$',gssb_pwr,'n@SPEus} -293230995204316763169957629596876845910',com_get_node,'',com_ping,'710663640332368665',tm_get_last,')J',obc_set_pwm_freq,'-1514053430603182704 1075692926411512546',eps_get_config,'',gssb_burn,'',fp_del_cmd_unix,'916275862422330721',com_ping,'-7880782330471392219',eps_set_heater,'520173979 320159236',rw_set_speed,' 1102595604158683952708117239416185868',gssb_update_status,'',obc_reset_wdt,'',gssb_get_model,'',com_get_config,'-142574752737935349679033909680220849982',eps_get_hk,'',tm_parse_status,'',gssb_get_status,'',obc_pwm_pwr,'-142538308057067978468484090650966164332',test,'U>^`WUjHd',tm_set_ack,'p&Qyf\AMG -7480355210712302279',eps_get_config,'',drp_set_var,'-1542553836 6700859568483747569',com_ping,'-260868281491672707022256320208518676813',gssb_reset,'',gssb_get_temp_int,'',tm_send_from,'15315595167417182664 -3814418070433494235 169310673084154117663684224977828235180',gssb_get_uuid,'',drp_clear_gnd_wdt,'',com_ping,'-4732370425897191203',gssb_arm_manual,'251890240366111221399628755130418299032',com_send_cmd,'12915022693027795300 -4115422483600379667',gssb_get_sun,'',drp_clear_gnd_wdt,'',tm_send_last,'8385365612262362999 -3064945143764516511',com_get_node,'',gssb_get_model,'',gssb_fss_get_temp,'',gssb_get_temp_int,'',test,'35273044291321684683044185157356635329',com_debug,'',gssb_fss_get_temp,'',com_set_node,'7605979618179915234',eps_get_hk,'',com_get_config,'2961264536800011903',tm_send_all,'13334610423228446194 1919759573',drp_set_deployed,'9129416978279453490',com_debug,'',obc_ident,'',gssb_arm_auto,'246976475192655614',help,'',tm_get_last,'12956814160070909834',gssb_get_sun,'',gssb_msp_get_temp,'',fp_show,'',gssb_reset,'',help,'',tm_send_all,'114077710242056306173506164376250656871 -313066467703746707806455898603086877903',eps_hard_reset,'',fp_show,'',eps_get_config,'',obc_get_mem,'',drp_clear_gnd_wdt,'',obc_update_status,'',gssb_get_uuid,'',fp_del_cmd_unix,'(MGv',gssb_fss_get_temp,'',com_debug,'',set_state,'d3KD 309758365624239811426651214102837697203 J',obc_ident,'',tm_send_from,'-278653675544937520702548785940566464624 14391922079175494614 2506643087420377838',gssb_arm_manual,'167101293042810230192037200811511571557',gssb_commit_addr,'',-6,15.390022993087769
gssb_arm_auto,'#CZ]H',gssb_pwr,'1500157011984546907 -184241992156890455269196935997308377491',gssb_get_model,'',gssb_fss_set_config,'1316530409',gssb_arm_manual,'+VdZ',fp_set_cmd,"'1349478543 8441650117674398966 115705900526302079 @Vf 9785287430692455935 8683811739152025644 A[r0q Nqky'?aba[ =|P7 ""Ciww=&'",obc_set_pwm_freq,'-4139198566787346023 -1743745799',drp_clear_gnd_wdt,'',rw_set_speed,'196465006986328105627707924502141223289 2471499287197874536',com_reset_wdt,'1918494040',obc_debug,'1247965208803362972',com_get_config,'',drp_ebf,"''8J3S,3xe'",eps_get_config,'',gssb_fss_get_temp,'',com_send_data,'5457685603761291084',gssb_update_status,'',com_update_status,'',fp_show,'',gssb_get_temp,'',gssb_reset,'',test,'2551427289962162468',drp_ebf,'249652978',fp_set_cmd_unix,'+vZ9 -1522495777 17711264460883064947 .mp5/T<4V 5031131630263614397',com_debug,'',obc_update_tle,'',fp_show,'',com_set_config,'-2584600746112767411 -1340221445',obc_set_tle,"',wWV~j07 -204773631265669773162868645000655301792'",rw_get_current,'',tm_send_status,'-1954946363',obc_ident,'',tm_send_all,'10710837076045395853 -9160208526915784546',obc_prop_tle,'7834303032153588511',obc_get_tle,'',gssb_get_sun,'',gssb_get_temp,'',fp_set_cmd_dt,'14661127518560450980 8608151149385843893 696310840902017001 16866935504973362123 -4475560066101171109',gssb_get_temp,'',gssb_fss_set_config,'-205917777',gssb_get_version,'',drp_set_deployed,'-39254120904153781491433460419602152879',rw_set_speed,'3960575863056546940 n',gssb_reset,'',obc_prop_tle,'-747376014',gssb_set_burn_config,'-1192150671 17991694709766112179 -212263686 U]66mDR! -2000925912567628616 Qp7T -179925409297025545758667506518839016922',gssb_set_addr,'a*|bX0',init_dummy_sensor,'',gssb_arm_manual,'-6271277006961519141',com_get_config,'-1052287954',init_dummy_sensor,'',obc_reset_wdt,'',tm_send_from,'6196896185365318565 130968801072754081000069792841443266756 17658387000605092735',com_send_data,'2220455013067927454',obc_get_mem,'',gssb_arm_auto,'JtBd',gssb_update_status,'',gssb_unlock_config,'7955392905970682332',set_state,'239965849745216151474300748799668036567 12156987546100554861 11028019348967240266',eps_update_status,'',rw_get_current,'',obc_ident,'',gssb_msp_cal_temp,'184920771681013918731787525401995148103 7',com_debug,'',com_send_rpt,'$Mz8ZRUM!j 9(JPyo-Shg',drp_add_hrs_alive,'1770285432',com_get_config,'13385219867721007905',eps_update_status,'',eps_get_config,'',obc_update_tle,'',obc_prop_tle,'2146723990',gssb_msp_cal_temp,'-3186110850207036079 )e{H',drp_test_system_vars,'',gssb_get_temp,'',help,'',tm_send_status,'1#<92Ge',com_set_config,'-5972563976035557674 10356605836214829193',gssb_get_sun,'',gssb_unlock_config,'-1707283585',tm_send_from,'z 8890163420648380789 -1794303262796660805',tm_send_last,'-5961257103213241046 2474095567201821917',drp_test_system_vars,'',com_send_rpt,'P:#^OYb8~ -1339712503',com_set_config,'-227140280987709942436300619278491352178 Lpo6QvEK:y',tm_send_all,'6072497542115686498 2746759178358930435',gssb_unlock_config,'-293182627228135660961592231448468158016',test,'-1856422558',gssb_commit_addr,'',fp_set_cmd,'472932706 -2031113443719435889 1313956007 -216698696782195911182550609284716417737 62525469502059200096064493638884309276 6154454564901003992 50485136896235858604758880550838823717 189420469056003842684013032130351424615 266698642409497235404746433627030448634 -8335826760187510312',gssb_unlock_config,'()gZp'hVt.',gssb_fss_get_temp,'',gssb_pwr,' 49470777965753440140482716923775434202',test,'-1994732765',drp_set_var,'6636328627013923720 534513845',obc_debug,'90536509168558027507349451057826099366',gssb_get_temp_int,'',gssb_fss_get_temp,'',obc_debug,'-6716699209980728163',obc_get_mem,'',gssb_fss_get_sun,'',-6,8.421222686767576
obc_debug,'14071008072730862801',gssb_unlock_config,'-98934678683409790820299797836315978239',obc_set_pwm_duty,'944371199 bSVE0i/>f',gssb_msp_cal_temp,'>LgH-!lZ 12515569595039939482',gssb_update_status,'',eps_set_heater,'202691889170477660826317919406078539605 685476047',tm_set_ack,'-180353466 1082890466',fp_test_params,'-6607789752542745241 10891258991697886733 191744971472074332403146930262017890588',test,'115676302193627226506897521955419653521',fp_set_cmd_unix,'7842256690973779514 -1669308208 -772514540809839343 o35Tt17}@ D8P[9]',gssb_arm_manual,'1692959930',gssb_arm_manual,'15876837619323676634',obc_get_mem,'',com_set_node,'8705216195644508865',obc_set_pwm_freq,'873623733206932820 11246718607899887976',com_reset_wdt,')f-;}\',gssb_get_temp,'',gssb_get_burn_config,'',com_get_config,'^',obc_debug,'qYw2Jg2=',obc_get_tle,'',drp_ebf,'1399772428',obc_get_time,'310363515048599578871215320483878893049',gssb_fss_set_config,'774928088888111780',gssb_set_burn_config,"'8204525483471118350 -1488164260 293218009574213285864863074873313369658 qP&p&=8O Xbf,fQs c 2801284915847578404'",gssb_set_burn_config,'-6879284754740802041 ?qST&E|r -2912896485916156557 14085319697217968555 900200914 OlDBGA mEA_+c',com_set_node,'16865101246775142961',eps_get_config,'',gssb_burn,'',drp_get_vars,'',obc_pwm_pwr,'324229815192531237967912901040410025633',tm_send_last,'278063633238276761004082056440258789589 -6954646237083602230',gssb_fss_get_sun,'',gssb_get_uuid,'',tm_send_all,'4042972905849555663 ',com_set_node,'-229066256635592631053138581067076635216',drp_ebf,'1506018733',drp_test_system_vars,'',com_set_node,'4464221965420887308',drp_test_system_vars,'',com_send_tc,'-1755868435 -213972883412752318900652587518917101117',rw_set_speed,'1556546247044627617 6224238271788441227',gssb_pwr,'6500724517714727553 12541925766632207089',test,'L!',com_get_config,'17265042414338528373',rw_set_speed,'13838268581096053006 -1727362574',gssb_commit_addr,'',drp_set_var,'-1244796821425360431 f\W8[4',drp_get_vars,'',com_update_status,'',gssb_update_status,'',com_send_tc,'233964235149148707500187534550608154620 6167351572209731560',eps_hard_reset,'',com_send_tc,'1942380056 11176568440051476345',gssb_msp_cal_temp,"'tBz""A^xP2? 211498203'",obc_get_time,'-6501198644043737498',fp_set_cmd_dt,"'14373262714200434121 6301293903841079890 {X`.@rt3\, W^55TO)B], DO:7'",drp_clear_gnd_wdt,'',obc_set_pwm_freq,'564512299 1224299386',fp_set_cmd,"'-5486355283838385188 EsZk0 -217954720298377609919909266644890720542 -217916060 Sz,t{p""ITz -8545814144784651138 10679788215951538084 14741956943959434679 G`#Ra@ ""0td%'",eps_update_status,'',gssb_unlock_config,'3762998328860827941',gssb_arm_auto,'9922734241726813464',gssb_get_sun,'',gssb_get_burn_config,'',gssb_select,'262276147313833520768149573305544186638',obc_pwm_pwr,'297038502369599947977267986085746733713',obc_get_mem,'',drp_add_hrs_alive,'3399125980586212346',tm_parse_status,'',gssb_fss_set_config,'6080294894056351192',fp_reset,'',eps_get_config,'',tm_send_all,' -81390923502923368050393958915650282770',gssb_get_burn_config,'',eps_update_status,'',gssb_unlock_config,'18296025317966707937',gssb_set_burn_config,'-308697063780058005434079683180042341079 -2277410883366142740 10852614261454674966 5210147781472143640 10696834287896207091 -12611557400198605447409253261515009526 -223114012237631607',drp_ebf,'1281004124',drp_add_hrs_alive,'-7648064762850277788',obc_pwm_pwr,'-88136000524913684515307512167898802676',com_get_config,'7938741618459416485',com_set_node,'-7130581164994870355',gssb_msp_cal_temp,'2105753242 1160265503',obc_ident,'',obc_update_tle,'',drp_ebf,'9213332596595068420',obc_reset_wdt,'',obc_update_status,'',eps_update_status,'',gssb_arm_auto,'TO',obc_get_mem,'',rw_get_speed,'',obc_set_pwm_duty,'-728304494165981505 9506570288942450678',gssb_get_uuid,'',eps_hard_reset,'',fp_set_cmd,'-1622472963 9141861547709231181 80296858492266336148511967948150387898 600443228 13293398073681426177 75218186044780129066538382327302543373 D4Kvs_zK- -309788039987931263755479096048795047900 -4348972703027106373 -546640162',obc_set_pwm_duty,'-243023723525875048279896994078059212824 11553559384801004841',gssb_fss_get_temp,'',obc_update_tle,'',-6,6.885428190231322
gssb_unlock_config,'2386009371984468833',com_set_config,'-9158569112857369856 -1706985197',gssb_msp_get_temp,'',eps_update_status,'',gssb_get_status,'',obc_update_tle,'',com_debug,'',com_get_config,'-8085347448110363607',gssb_set_addr,'-3778300506773291376',fp_set_cmd_dt,'-327176526787800099332492619244861239070 2139914437886188766 d0Vl[ -307887335144352869500440308047903661253 7761865172809045799',test,'-280268044839961958714678167493599599056',rw_get_current,'',gssb_scan,'220492133689267103421040756187193283519 -456543885',obc_update_tle,'',obc_update_tle,'',gssb_set_addr,'283197304878521484143070278957767553823',gssb_set_burn_config,'2`f%gSE^ 127465218627249239696790896638984743087 2473164274976110384 -8382760041884121676 -4014836388106656907 10621395190039677326 -958112673',drp_get_vars,'',gssb_arm_manual,'9051847295084776111',eps_get_hk,'',gssb_fss_get_sun,'',gssb_msp_cal_temp,'-20803561135973175838639852998273354840 -147787511622599740881763759587124003533',eps_hard_reset,'',gssb_fss_set_config,'-<4vyR_VJY',eps_get_config,'',eps_set_heater,'4640543934113103571 18037491004612530596',com_send_cmd,'!N-qDHTQ 16925361277997662197',obc_update_tle,'',eps_set_heater,'16644932050744753058 314067020176041363831656821017543172701',gssb_get_burn_config,'',gssb_pwr,'6707398014442353411 1372580118',gssb_get_temp_int,'',gssb_arm_manual,'cjx\',gssb_arm_auto,'181433148292417339484407952434850128130',gssb_msp_cal_temp,'-7397402573804201555 1393155322704351311',test,"'"",q'",fp_del_cmd_unix,'-9161574036774021378',gssb_get_sun,'',eps_hard_reset,'',fp_set_cmd,"'-301573339437795163747589992414794135657  15195250931820638818 487789302 H2M9.tsbZ -190932378774695068526800105499390803711 10326134205883854937 7225650982547215183 16581216669506635696 xWu519""c'",init_dummy_sensor,'',obc_update_status,'',fp_del_cmd,'3261412857640815261 5077924059298820920 -329950639200452360860816718142800273876 2616852030766032310 528901476 ^\ESFFm',fp_show,'',fp_set_cmd_unix,'K5 -1394804160 A(s -230390969360165720865497549278988712517 -1772327035',obc_set_tle,'16362926663689684494 -244464278656086801557275290881035821548',gssb_set_burn_config,'9141717801035075366 -5655474354807001424  t} 1022941634668979541 )wHU%=Qq 1968068357',gssb_scan,'-1055279940 -33911920488212497305183561901191209463',eps_set_heater,'5425086630769394498 344305621',obc_get_time,'-271902441998059923937506248171919914342',gssb_msp_cal_temp,'11685973029150654149 14720127952454497357',com_set_node,'778975656',gssb_get_status,'',com_set_node,'17667550036622958404',com_set_config,'RR) b3zZcR#<',drp_set_var,'2305936711865890953 1253300011644253687',drp_set_deployed,'&CH%mPx',drp_get_vars,'',gssb_get_temp_int,'',gssb_arm_auto,'658963114',com_send_tc,'288949779765692362 7485944753330270437',rw_set_speed,'2963656711474519897 339231740658021118928465908867627834874',com_get_node,'',com_update_status,'',drp_set_var,'17477553058645282535 y-aYI<{',com_reset_wdt,'4044128948617625869',obc_ident,'',gssb_reset,'',init_dummy_sensor,'',gssb_get_status,'',gssb_fss_get_sun,'',gssb_fss_commit_config,'',obc_get_mem,'',tm_send_status,'299661423555231311685927710544771455230',obc_set_pwm_freq,'3203455378205118123 I',fp_set_cmd,'-361159907 jpBR* 1701792111 8160446171477223105 18261280110387193754 -247672296  405337767565411954 7504440442301238863 2',com_set_config,'eh 6WaiV8-C3t',com_send_tc,'-JJE -123127808914066358888077234015320201671',gssb_set_addr,'nTb1',gssb_msp_get_temp,'',fp_reset,'',gssb_get_model,'',eps_update_status,'',gssb_msp_cal_temp,'1882822951 -633404661',drp_get_vars,'',drp_ebf,'-8777348212347730049',drp_ebf,'304578646',gssb_get_sun,'',obc_update_status,'',tm_set_ack,"'-7408180885789720620 :""cts'",obc_set_tle,'-1504407708 2189351117691221798',tm_parse_status,'',tm_send_status,'%~',com_get_config,'QOgCJo5Z',drp_set_var,'2416171799413126787 1974935499098459770',tm_send_from,'-620031717 -8832049252503879590 -8842745373684860222',com_reset_wdt,'-302777371',gssb_get_model,'',tm_parse_status,'',com_reset_wdt,'-2049447581908396227',-6,9.458333015441896
drp_set_var,'-8244703514485881696079887702737331440 -1544462960726055788',gssb_arm_auto,'-5976580279514542715',gssb_get_temp,'',tm_send_last,'5318175442775995487 -322732005368143743850575643543710130677',obc_prop_tle,'-1988089306',com_set_config,'6176127242311579159 6300784962153677059',tm_set_ack,'RtJSl 5445479963300213825',gssb_fss_get_sun,'',tm_get_last,'',gssb_update_status,'',com_send_cmd,'272437779180580560494212664182240155361 -320002746394718871741662562427757421341',obc_set_pwm_freq,'229401024780305703 13762371512385066928',obc_set_pwm_duty,'-7923639624372148715 u',obc_set_pwm_freq,'1056344408608499104 93339345840157264619452296442299515336',fp_set_cmd_unix,"'""qKc6I 216122553623054262593444944249848983432 13241299717087316897 -2795464876385149591 279319065921139422306574015394663779909'",drp_add_hrs_alive,'-934383758',tm_set_ack,'4012862370676568302 6554629148497433746',gssb_reset,'',rw_get_speed,'',com_ping,'4693299257030291207',tm_set_ack,' 311586809410098358884872563112917618278',drp_get_vars,'',obc_update_status,'',obc_get_sensors,'',rw_set_speed,'173310595727757738589434730242198276111 9515741278532367966',obc_get_tle,'',tm_send_from,'169537942514307003579083668816625164091 -66248056590591880427784866057990163316 -4118833154158761648',drp_set_deployed,'I97',gssb_update_status,'',gssb_get_model,'',gssb_update_status,'',gssb_fss_get_temp,'',rw_get_speed,'',obc_pwm_pwr,'1166235915746461461',obc_get_mem,'',com_debug,'',eps_update_status,'',gssb_update_status,'',gssb_arm_auto,'6213920163433949057',obc_get_mem,'',gssb_arm_manual,'-5636562233638435846',gssb_get_model,'',gssb_arm_manual,'-8399076308767810471',gssb_set_addr,'/^~0d_a}[',gssb_get_uuid,'',drp_get_vars,'',com_send_rpt,'8823593846001849724 /SH|L7$e',obc_ident,'',com_get_node,'',gssb_scan,'334640930152750300726776417815541972207 11632293115997719388990983778281398975',gssb_scan,'-22775604830086030730138106386578511851 146304347693596383508270711911567968636',tm_set_ack,'-666841873 3922211954786667645',eps_set_heater,'52546047540311804401648196058154231758 1074526179',obc_get_sensors,'',drp_set_deployed,'!Ltd~>c9bU',gssb_get_temp_int,'',eps_get_hk,'',obc_set_tle,'-302865488870316840 -1863142183',init_dummy_sensor,'',rw_set_speed,'\ 2765259051857922696',com_debug,'',help,'',com_update_status,'',gssb_set_burn_config,'-320773548275570233415918672627292111651 1051179489 eHnh4T^ 841685227955278591 182863428934280813333267675348749398249 4124669173109255814 ]L&',init_dummy_sensor,'',fp_set_cmd_dt,'-4519310770470599905 231137822624756535569145687311432309131 280059194204003986942824746270755631640 -157627908948322432927319277499176561337 -1543584292',com_send_rpt,'31576445208724321954233226159801095861 4730794710811511323',gssb_set_addr,"','",com_get_config,'298518397',com_send_tc,'14063961853413334304 12060414607365560543',tm_send_status,'-906717325',fp_set_cmd_unix,'17350022244947819007204607333534740391 12831523412275545060 3377576163626397270 `a.h^; -62541771541539991022146317908608927932',gssb_msp_get_temp,'',tm_send_all,'14981253367437689256 1381035311',com_get_config,'1336816935',fp_del_cmd,"'12446306472695830460 199392193365227473220184065271626017519 J3JIb-vc `'A?,:r'g 5150874174627758664 -4952931691562134628'",fp_test_params,'580078960 326884950364829574022702598067099641886 334035250086983386026505351808490591817',rw_get_current,'',obc_get_tle,'',com_get_config,'wZ${o',gssb_arm_auto,'2870582414393417676',gssb_get_status,'',fp_set_cmd_unix,'-582171781 5600242486839573605 20175214931261842197243400280525975599 5<!@S 13612386139565490412',drp_set_deployed,'9136501450417016455',drp_add_hrs_alive,'687276283496810565',help,'',obc_ident,'',obc_pwm_pwr,'2330629224221573472',gssb_get_sun,'',obc_pwm_pwr,'-4489253850911471780',drp_add_hrs_alive,'166530496676055394533305749684620605182',gssb_get_sun,'',eps_set_heater,'fhud Lu#',gssb_commit_addr,'',init_dummy_sensor,'',rw_get_current,'',com_send_rpt,'988467506 5606960601105158223',fp_set_cmd_unix,'8908576072349959356 -320676935044468165692642229517095148254  -50580555159407636813507589774318915775 437398033',gssb_set_burn_config,'wK3uGDE]AE rK 14891768277794066191 -1327227976 126997118 -9004616393762239417 -18530859926299875446796276024538501334',obc_get_mem,'',-6,11.63258981704712
